person_id,person_number,first_name,middle_name,last_name,grade_level,email_address,sis_username,password_policy,location_id
13001,, Jan,, Nowak,,,OKlein,,10001
13002,, Jan,, Nowak,,,BMcMillan,,10001
13003,, Jan,, Nowak,,,FStark,,10001
13004,, Jan,, Nowak,,,NGilbertson,,10001
13005,, Jan,, Nowak,,,EParker,,10001
13006,, Jan,, Nowak,,,SSantana,,10001
13007,, Jan,, Nowak,,,RLees,,10001
13008,, Jan,, Nowak,,,LPratt,,10001
13009,, Jan,, Nowak,,,MThomas,,10001
13010,, Jan,, Nowak,,,PBarlow,,10001
13011,, Jan,, Nowak,,,PHampton,,10001
13012,, Jan,, Nowak,,,DMatheson,,10001
13013,, Jan,, Nowak,,,CMcCray,,10001
13014,, Jan,, Nowak,,,Rcottle,,10001
13015,, Jan,, Nowak,,,Fmarkley,,10001
13016,, Jan,, Nowak,,,Jbartels,,10001
13017,, Jan,, Nowak,,,Mparsons,,10001
13018,, Jan,, Nowak,,,Eballard,,10001
13019,, Jan,, Nowak,,,Wbevins,,10001
13020,, Jan,, Nowak,,,Rcazares,,10001
13021,, Jan,, Nowak,,,Dmorrison,,10001
13022,, Jan,, Nowak,,,Wbisson,,10001
